Workbook

Sheet Employee_Data
A1: Employee_ID | B1: Employee_Name | C1: Department_ID | D1: Salary | F1: Department_ID | G1: Department_Name | H1: Manager
A2: E001 | B2: Rahul Sharma | C2: D001 | D2: 45000 | F2: D001 | G2: Human Resources | H2: Anita Rao
A3: E002 | B3: Priya Kumar | C3: D002 | D3: 52000 | F3: D002 | G3: Finance | H3: Rajesh Kumar
A4: E003 | B4: Amit Singh | C4: D003 | D4: 48000 | F4: D003 | G4: Information Technology | H4: Suresh Bhat
A5: E004 | B5: Neha Patel | C5: D001 | D5: 55000 | F5: D004 | G5: Marketing | H5: Meena Shah
A6: E005 | B6: Arjun Rao | C6: D004 | D6: 47000
A7: E006 | B7: Sneha Reddy | C7: D002 | D7: 60000
A8: E007 | B8: Kiran Gowda | C8: D003 | D8: 51000
A9: E008 | B9: Anjali Nair | C9: D004 | D9: 49000
A10: E009 | B10: Rohit Verma | C10: D001 | D10: 58000
A11: E010 | B11: Pooja Mehta | C11: D002 | D11: 53000

Sheet Lookup_Analysis
A1: Employee_ID | B1: Employee_Name | C1: Department_ID | D1: Department_Name | E1: Manager | F1: Salary
A2: E001 | B2: {=_xlfn.XLOOKUP(A2,Employee_Data!A:A,Employee_Data!B:B,"Not Found")} -> Rahul Sharma | C2: {=_xlfn.XLOOKUP(A2,Employee_Data!A:A,Employee_Data!C:C,"Not Found")} -> D001 | D2: {=_xlfn.XLOOKUP(C2,Employee_Data!F:F,Employee_Data!G:G,"Not Found")} -> Human Resources | E2: {=_xlfn.XLOOKUP(C2,Employee_Data!F:F,Employee_Data!H:H,"Not Found")} -> Anita Rao | F2: {=_xlfn.XLOOKUP(A2,Employee_Data!A:A,Employee_Data!D:D,"Not Found")} -> 45000
A3: E002 | B3: {=_xlfn.XLOOKUP(A3,Employee_Data!A:A,Employee_Data!B:B,"Not Found")} -> Priya Kumar | C3: {=_xlfn.XLOOKUP(A3,Employee_Data!A:A,Employee_Data!C:C,"Not Found")} -> D002 | D3: {=_xlfn.XLOOKUP(C3,Employee_Data!F:F,Employee_Data!G:G,"Not Found")} -> Finance | E3: {=_xlfn.XLOOKUP(C3,Employee_Data!F:F,Employee_Data!H:H,"Not Found")} -> Rajesh Kumar | F3: {=_xlfn.XLOOKUP(A3,Employee_Data!A:A,Employee_Data!D:D,"Not Found")} -> 52000
A4: E003 | B4: {=_xlfn.XLOOKUP(A4,Employee_Data!A:A,Employee_Data!B:B,"Not Found")} -> Amit Singh | C4: {=_xlfn.XLOOKUP(A4,Employee_Data!A:A,Employee_Data!C:C,"Not Found")} -> D003 | D4: {=_xlfn.XLOOKUP(C4,Employee_Data!F:F,Employee_Data!G:G,"Not Found")} -> Information Technology | E4: {=_xlfn.XLOOKUP(C4,Employee_Data!F:F,Employee_Data!H:H,"Not Found")} -> Suresh Bhat | F4: {=_xlfn.XLOOKUP(A4,Employee_Data!A:A,Employee_Data!D:D,"Not Found")} -> 48000
A5: E004 | B5: {=_xlfn.XLOOKUP(A5,Employee_Data!A:A,Employee_Data!B:B,"Not Found")} -> Neha Patel | C5: {=_xlfn.XLOOKUP(A5,Employee_Data!A:A,Employee_Data!C:C,"Not Found")} -> D001 | D5: {=_xlfn.XLOOKUP(C5,Employee_Data!F:F,Employee_Data!G:G,"Not Found")} -> Human Resources | E5: {=_xlfn.XLOOKUP(C5,Employee_Data!F:F,Employee_Data!H:H,"Not Found")} -> Anita Rao | F5: {=_xlfn.XLOOKUP(A5,Employee_Data!A:A,Employee_Data!D:D,"Not Found")} -> 55000
A6: E005 | B6: {=_xlfn.XLOOKUP(A6,Employee_Data!A:A,Employee_Data!B:B,"Not Found")} -> Arjun Rao | C6: {=_xlfn.XLOOKUP(A6,Employee_Data!A:A,Employee_Data!C:C,"Not Found")} -> D004 | D6: {=_xlfn.XLOOKUP(C6,Employee_Data!F:F,Employee_Data!G:G,"Not Found")} -> Marketing | E6: {=_xlfn.XLOOKUP(C6,Employee_Data!F:F,Employee_Data!H:H,"Not Found")} -> Meena Shah | F6: {=_xlfn.XLOOKUP(A6,Employee_Data!A:A,Employee_Data!D:D,"Not Found")} -> 47000
A7: E006 | B7: {=_xlfn.XLOOKUP(A7,Employee_Data!A:A,Employee_Data!B:B,"Not Found")} -> Sneha Reddy | C7: {=_xlfn.XLOOKUP(A7,Employee_Data!A:A,Employee_Data!C:C,"Not Found")} -> D002 | D7: {=_xlfn.XLOOKUP(C7,Employee_Data!F:F,Employee_Data!G:G,"Not Found")} -> Finance | E7: {=_xlfn.XLOOKUP(C7,Employee_Data!F:F,Employee_Data!H:H,"Not Found")} -> Rajesh Kumar | F7: {=_xlfn.XLOOKUP(A7,Employee_Data!A:A,Employee_Data!D:D,"Not Found")} -> 60000
A8: E007 | B8: {=_xlfn.XLOOKUP(A8,Employee_Data!A:A,Employee_Data!B:B,"Not Found")} -> Kiran Gowda | C8: {=_xlfn.XLOOKUP(A8,Employee_Data!A:A,Employee_Data!C:C,"Not Found")} -> D003 | D8: {=_xlfn.XLOOKUP(C8,Employee_Data!F:F,Employee_Data!G:G,"Not Found")} -> Information Technology | E8: {=_xlfn.XLOOKUP(C8,Employee_Data!F:F,Employee_Data!H:H,"Not Found")} -> Suresh Bhat | F8: {=_xlfn.XLOOKUP(A8,Employee_Data!A:A,Employee_Data!D:D,"Not Found")} -> 51000
A9: E008 | B9: {=_xlfn.XLOOKUP(A9,Employee_Data!A:A,Employee_Data!B:B,"Not Found")} -> Anjali Nair | C9: {=_xlfn.XLOOKUP(A9,Employee_Data!A:A,Employee_Data!C:C,"Not Found")} -> D004 | D9: {=_xlfn.XLOOKUP(C9,Employee_Data!F:F,Employee_Data!G:G,"Not Found")} -> Marketing | E9: {=_xlfn.XLOOKUP(C9,Employee_Data!F:F,Employee_Data!H:H,"Not Found")} -> Meena Shah | F9: {=_xlfn.XLOOKUP(A9,Employee_Data!A:A,Employee_Data!D:D,"Not Found")} -> 49000
A10: E009 | B10: {=_xlfn.XLOOKUP(A10,Employee_Data!A:A,Employee_Data!B:B,"Not Found")} -> Rohit Verma | C10: {=_xlfn.XLOOKUP(A10,Employee_Data!A:A,Employee_Data!C:C,"Not Found")} -> D001 | D10: {=_xlfn.XLOOKUP(C10,Employee_Data!F:F,Employee_Data!G:G,"Not Found")} -> Human Resources | E10: {=_xlfn.XLOOKUP(C10,Employee_Data!F:F,Employee_Data!H:H,"Not Found")} -> Anita Rao | F10: {=_xlfn.XLOOKUP(A10,Employee_Data!A:A,Employee_Data!D:D,"Not Found")} -> 58000
A11: E010 | B11: {=_xlfn.XLOOKUP(A11,Employee_Data!A:A,Employee_Data!B:B,"Not Found")} -> Pooja Mehta | C11: {=_xlfn.XLOOKUP(A11,Employee_Data!A:A,Employee_Data!C:C,"Not Found")} -> D002 | D11: {=_xlfn.XLOOKUP(C11,Employee_Data!F:F,Employee_Data!G:G,"Not Found")} -> Finance | E11: {=_xlfn.XLOOKUP(C11,Employee_Data!F:F,Employee_Data!H:H,"Not Found")} -> Rajesh Kumar | F11: {=_xlfn.XLOOKUP(A11,Employee_Data!A:A,Employee_Data!D:D,"Not Found")} -> 53000
A14: INDEX-MATCH Example
A15: Employee ID | B15: E005
A16: Employee Name | B16: {=INDEX(Employee_Data!B:B,MATCH(B15,Employee_Data!A:A,0))} -> Arjun Rao
A17: Department ID | B17: {=INDEX(Employee_Data!C:C,MATCH(B15,Employee_Data!A:A,0))} -> D004
A18: Salary | B18: {=INDEX(Employee_Data!D:D,MATCH(B15,Employee_Data!A:A,0))} -> 47000
A21: Missing Lookup Test
A22: Employee ID | B22: E999
A23: Employee Name | B23: {=IFERROR(_xlfn.XLOOKUP(B22,Employee_Data!$A$2:$A$11,Employee_Data!$B$2:$B$11),"Employee Not Found")} -> Employee Not Found
A25: Lookup Explanation
A26: XLOOKUP was used to retrieve employee and department information using unique Employee IDs. INDEX-MATCH was used as an alternative lookup method. IFERROR was used to handle missing Employee IDs and display a user-friendly message. Using unique IDs helps combine information from different business tables accurately.

Sheet Data_Validation
A1: Employee_ID | B1: Employee_Name | C1: Human Resources | D1: Active
A2: E001 | B2: Rahul Sharma | C2: Finance | D2: Inactive
A3: E002 | B3: Priya Kumar | C3: Information Technology | D3: Active
A4: E003 | B4: Amit Singh | C4: Marketing | D4: Active
A5: E004 | B5: Neha Patel | C5: Human Resources | D5: Inactive
A6: E005 | B6: Arjun Rao | C6: Marketing | D6: Active
A7: E006 | B7: Sneha Reddy | C7: Finance | D7: Active
A8: E007 | B8: Kiran Gowda | C8: Information Technology | D8: Inactive
A9: E008 | B9: Anjali Nair | C9: Marketing | D9: Active
A10: E009 | B10: Rohit Verma | C10: Human Resources | D10: Active
A11: E010 | B11: Pooja Mehta | C11: Finance | D11: Active
A14: Data Validation Rules
A16: 1. Department is restricted to Human Resources, Finance, Information Technology, and Marketing.
A18: 2. Employee Status is restricted to Active or Inactive.
A20: 3. Employee IDs are checked for duplicates using COUNTIF.
A22: These validation rules improve data quality by reducing incorrect entries, maintaining consistency, and preventing duplicate employee identifiers.
